ds,step,origin,dataset,target,horizon,seed,model,y_true,y_pred
2014-05-26 19:00:00,1,2014-05-26 19:00:00,ecl,aggregate_load,168,42,dlinear,916519.0,916974.5400590416
2014-05-26 20:00:00,2,2014-05-26 19:00:00,ecl,aggregate_load,168,42,dlinear,884228.0,893971.1735923409
2014-05-26 21:00:00,3,2014-05-26 19:00:00,ecl,aggregate_load,168,42,dlinear,900282.0,895641.8219936219
2014-05-26 22:00:00,4,2014-05-26 19:00:00,ecl,aggregate_load,168,42,dlinear,803049.0,787363.2189020428
2014-05-26 23:00:00,5,2014-05-26 19:00:00,ecl,aggregate_load,168,42,dlinear,654545.0,609058.1312650528
2014-05-27 00:00:00,6,2014-05-26 19:00:00,ecl,aggregate_load,168,42,dlinear,510974.0,488356.21047389385
2014-05-27 01:00:00,7,2014-05-26 19:00:00,ecl,aggregate_load,168,42,dlinear,421563.0,401575.4001824546
2014-05-27 02:00:00,8,2014-05-26 19:00:00,ecl,aggregate_load,168,42,dlinear,403255.0,384159.5779035456
2014-05-27 03:00:00,9,2014-05-26 19:00:00,ecl,aggregate_load,168,42,dlinear,393154.0,371819.41664631176
2014-05-27 04:00:00,10,2014-05-26 19:00:00,ecl,aggregate_load,168,42,dlinear,385217.0,363328.9236877006
2014-05-27 05:00:00,11,2014-05-26 19:00:00,ecl,aggregate_load,168,42,dlinear,413282.0,395696.7881684654
2014-05-27 06:00:00,12,2014-05-26 19:00:00,ecl,aggregate_load,168,42,dlinear,457224.0,434667.08856829884
2014-05-27 07:00:00,13,2014-05-26 19:00:00,ecl,aggregate_load,168,42,dlinear,498405.0,495437.6458226328
2014-05-27 08:00:00,14,2014-05-26 19:00:00,ecl,aggregate_load,168,42,dlinear,553372.0,538765.8905913329
2014-05-27 09:00:00,15,2014-05-26 19:00:00,ecl,aggregate_load,168,42,dlinear,709031.0,692274.2720021228
2014-05-27 10:00:00,16,2014-05-26 19:00:00,ecl,aggregate_load,168,42,dlinear,866057.0,854115.2405012856
2014-05-27 11:00:00,17,2014-05-26 19:00:00,ecl,aggregate_load,168,42,dlinear,911398.0,913962.5386648602
2014-05-27 12:00:00,18,2014-05-26 19:00:00,ecl,aggregate_load,168,42,dlinear,926068.0,910894.2074110616
2014-05-27 13:00:00,19,2014-05-26 19:00:00,ecl,aggregate_load,168,42,dlinear,911217.0,906467.8236464343
2014-05-27 14:00:00,20,2014-05-26 19:00:00,ecl,aggregate_load,168,42,dlinear,932750.0,920424.3837281368
2014-05-27 15:00:00,21,2014-05-26 19:00:00,ecl,aggregate_load,168,42,dlinear,947885.0,932977.0105663255
2014-05-27 16:00:00,22,2014-05-26 19:00:00,ecl,aggregate_load,168,42,dlinear,951507.0,946550.2642273768
2014-05-27 17:00:00,23,2014-05-26 19:00:00,ecl,aggregate_load,168,42,dlinear,941295.0,956155.9509932323
2014-05-27 18:00:00,24,2014-05-26 19:00:00,ecl,aggregate_load,168,42,dlinear,959137.0,957223.8708508675
2014-05-27 19:00:00,25,2014-05-26 19:00:00,ecl,aggregate_load,168,42,dlinear,934102.0,927334.0812345023
2014-05-27 20:00:00,26,2014-05-26 19:00:00,ecl,aggregate_load,168,42,dlinear,923672.0,912722.7569112899
2014-05-27 21:00:00,27,2014-05-26 19:00:00,ecl,aggregate_load,168,42,dlinear,929068.0,918021.1417892186
2014-05-27 22:00:00,28,2014-05-26 19:00:00,ecl,aggregate_load,168,42,dlinear,810612.0,796654.5897270994
2014-05-27 23:00:00,29,2014-05-26 19:00:00,ecl,aggregate_load,168,42,dlinear,652420.0,634414.8319685205
2014-05-28 00:00:00,30,2014-05-26 19:00:00,ecl,aggregate_load,168,42,dlinear,504464.0,495874.00899738725
2014-05-28 01:00:00,31,2014-05-26 19:00:00,ecl,aggregate_load,168,42,dlinear,417393.00000000006,416568.2082932186
2014-05-28 02:00:00,32,2014-05-26 19:00:00,ecl,aggregate_load,168,42,dlinear,400435.0,396739.6014937182
2014-05-28 03:00:00,33,2014-05-26 19:00:00,ecl,aggregate_load,168,42,dlinear,389973.00000000006,374197.96238385944
2014-05-28 04:00:00,34,2014-05-26 19:00:00,ecl,aggregate_load,168,42,dlinear,382368.0,376194.46132153686
2014-05-28 05:00:00,35,2014-05-26 19:00:00,ecl,aggregate_load,168,42,dlinear,408049.00000000006,390829.6134711874
2014-05-28 06:00:00,36,2014-05-26 19:00:00,ecl,aggregate_load,168,42,dlinear,451539.0,437141.7090181328
2014-05-28 07:00:00,37,2014-05-26 19:00:00,ecl,aggregate_load,168,42,dlinear,504792.0,492568.99309034704
2014-05-28 08:00:00,38,2014-05-26 19:00:00,ecl,aggregate_load,168,42,dlinear,562726.0,533740.1181866454
2014-05-28 09:00:00,39,2014-05-26 19:00:00,ecl,aggregate_load,168,42,dlinear,714535.0,694852.4867186015
2014-05-28 10:00:00,40,2014-05-26 19:00:00,ecl,aggregate_load,168,42,dlinear,912839.0,856210.4813028271
2014-05-28 11:00:00,41,2014-05-26 19:00:00,ecl,aggregate_load,168,42,dlinear,942379.0,915266.0457788445
2014-05-28 12:00:00,42,2014-05-26 19:00:00,ecl,aggregate_load,168,42,dlinear,938578.0,913074.8877176144
2014-05-28 13:00:00,43,2014-05-26 19:00:00,ecl,aggregate_load,168,42,dlinear,931204.0,911979.8287577006
2014-05-28 14:00:00,44,2014-05-26 19:00:00,ecl,aggregate_load,168,42,dlinear,960536.0,921290.2585040041
2014-05-28 15:00:00,45,2014-05-26 19:00:00,ecl,aggregate_load,168,42,dlinear,969762.0,937908.8744247665
2014-05-28 16:00:00,46,2014-05-26 19:00:00,ecl,aggregate_load,168,42,dlinear,965695.0,942223.0374289163
2014-05-28 17:00:00,47,2014-05-26 19:00:00,ecl,aggregate_load,168,42,dlinear,962405.0,953768.8264747604
2014-05-28 18:00:00,48,2014-05-26 19:00:00,ecl,aggregate_load,168,42,dlinear,975634.0,950388.147437633
2014-05-28 19:00:00,49,2014-05-26 19:00:00,ecl,aggregate_load,168,42,dlinear,958105.0,938492.3174108507
2014-05-28 20:00:00,50,2014-05-26 19:00:00,ecl,aggregate_load,168,42,dlinear,939260.0,915609.8077410418
2014-05-28 21:00:00,51,2014-05-26 19:00:00,ecl,aggregate_load,168,42,dlinear,936293.0,915221.787285044
2014-05-28 22:00:00,52,2014-05-26 19:00:00,ecl,aggregate_load,168,42,dlinear,827556.0,791607.4991949539
2014-05-28 23:00:00,53,2014-05-26 19:00:00,ecl,aggregate_load,168,42,dlinear,643147.0,623847.9686636268
2014-05-29 00:00:00,54,2014-05-26 19:00:00,ecl,aggregate_load,168,42,dlinear,502041.0,488358.80605610897
2014-05-29 01:00:00,55,2014-05-26 19:00:00,ecl,aggregate_load,168,42,dlinear,407345.0,402425.0716546408
2014-05-29 02:00:00,56,2014-05-26 19:00:00,ecl,aggregate_load,168,42,dlinear,397380.0,391195.9340964602
2014-05-29 03:00:00,57,2014-05-26 19:00:00,ecl,aggregate_load,168,42,dlinear,392489.0,386850.16606180853
2014-05-29 04:00:00,58,2014-05-26 19:00:00,ecl,aggregate_load,168,42,dlinear,385966.0,370134.12038216233
2014-05-29 05:00:00,59,2014-05-26 19:00:00,ecl,aggregate_load,168,42,dlinear,413082.0,401896.22177830926
2014-05-29 06:00:00,60,2014-05-26 19:00:00,ecl,aggregate_load,168,42,dlinear,457004.0,443371.8697409645
2014-05-29 07:00:00,61,2014-05-26 19:00:00,ecl,aggregate_load,168,42,dlinear,507534.0,494394.87066770677
2014-05-29 08:00:00,62,2014-05-26 19:00:00,ecl,aggregate_load,168,42,dlinear,568925.0,541739.3208703911
2014-05-29 09:00:00,63,2014-05-26 19:00:00,ecl,aggregate_load,168,42,dlinear,762939.0,710095.5299485831
2014-05-29 10:00:00,64,2014-05-26 19:00:00,ecl,aggregate_load,168,42,dlinear,926950.0,851438.6656242099
2014-05-29 11:00:00,65,2014-05-26 19:00:00,ecl,aggregate_load,168,42,dlinear,981355.0,930754.9154553107
2014-05-29 12:00:00,66,2014-05-26 19:00:00,ecl,aggregate_load,168,42,dlinear,972818.0,928040.3945022112
2014-05-29 13:00:00,67,2014-05-26 19:00:00,ecl,aggregate_load,168,42,dlinear,976686.0,940355.8595580747
2014-05-29 14:00:00,68,2014-05-26 19:00:00,ecl,aggregate_load,168,42,dlinear,1010053.0,944701.9138701765
2014-05-29 15:00:00,69,2014-05-26 19:00:00,ecl,aggregate_load,168,42,dlinear,1004774.0,960256.0357201244
2014-05-29 16:00:00,70,2014-05-26 19:00:00,ecl,aggregate_load,168,42,dlinear,1021290.0,978423.1072838418
2014-05-29 17:00:00,71,2014-05-26 19:00:00,ecl,aggregate_load,168,42,dlinear,1034838.0,976746.6474503218
2014-05-29 18:00:00,72,2014-05-26 19:00:00,ecl,aggregate_load,168,42,dlinear,1037504.0,971089.0988833752
2014-05-29 19:00:00,73,2014-05-26 19:00:00,ecl,aggregate_load,168,42,dlinear,1010154.0,945690.4967037803
2014-05-29 20:00:00,74,2014-05-26 19:00:00,ecl,aggregate_load,168,42,dlinear,959688.0,929421.4732626175
2014-05-29 21:00:00,75,2014-05-26 19:00:00,ecl,aggregate_load,168,42,dlinear,963902.0,933492.7966483464
2014-05-29 22:00:00,76,2014-05-26 19:00:00,ecl,aggregate_load,168,42,dlinear,821777.0,809574.4485071107
2014-05-29 23:00:00,77,2014-05-26 19:00:00,ecl,aggregate_load,168,42,dlinear,654400.0,637917.7228491373
2014-05-30 00:00:00,78,2014-05-26 19:00:00,ecl,aggregate_load,168,42,dlinear,512114.0,514815.7282561757
2014-05-30 01:00:00,79,2014-05-26 19:00:00,ecl,aggregate_load,168,42,dlinear,418579.0,414319.36532577366
2014-05-30 02:00:00,80,2014-05-26 19:00:00,ecl,aggregate_load,168,42,dlinear,409218.0,389929.32814580627
2014-05-30 03:00:00,81,2014-05-26 19:00:00,ecl,aggregate_load,168,42,dlinear,405262.0,379821.4439342326
2014-05-30 04:00:00,82,2014-05-26 19:00:00,ecl,aggregate_load,168,42,dlinear,397955.0,382672.6909975464
2014-05-30 05:00:00,83,2014-05-26 19:00:00,ecl,aggregate_load,168,42,dlinear,419239.0,410027.8754956795
2014-05-30 06:00:00,84,2014-05-26 19:00:00,ecl,aggregate_load,168,42,dlinear,464481.00000000006,456061.823872013
2014-05-30 07:00:00,85,2014-05-26 19:00:00,ecl,aggregate_load,168,42,dlinear,514670.0,491212.5723609845
2014-05-30 08:00:00,86,2014-05-26 19:00:00,ecl,aggregate_load,168,42,dlinear,567712.0,563570.2666675529
2014-05-30 09:00:00,87,2014-05-26 19:00:00,ecl,aggregate_load,168,42,dlinear,752835.0,718466.8074343504
2014-05-30 10:00:00,88,2014-05-26 19:00:00,ecl,aggregate_load,168,42,dlinear,920630.0,868399.9317964044
2014-05-30 11:00:00,89,2014-05-26 19:00:00,ecl,aggregate_load,168,42,dlinear,982229.0,930136.9378661511
2014-05-30 12:00:00,90,2014-05-26 19:00:00,ecl,aggregate_load,168,42,dlinear,974968.0,936035.2171409688
2014-05-30 13:00:00,91,2014-05-26 19:00:00,ecl,aggregate_load,168,42,dlinear,1009756.0,937641.987500529
2014-05-30 14:00:00,92,2014-05-26 19:00:00,ecl,aggregate_load,168,42,dlinear,1039825.0,956146.5801780291
2014-05-30 15:00:00,93,2014-05-26 19:00:00,ecl,aggregate_load,168,42,dlinear,1056639.0,971084.7665512955
2014-05-30 16:00:00,94,2014-05-26 19:00:00,ecl,aggregate_load,168,42,dlinear,1089505.0,974293.2878724558
2014-05-30 17:00:00,95,2014-05-26 19:00:00,ecl,aggregate_load,168,42,dlinear,1096595.0,980895.9528134845
2014-05-30 18:00:00,96,2014-05-26 19:00:00,ecl,aggregate_load,168,42,dlinear,1067456.0,983207.070668929
2014-05-30 19:00:00,97,2014-05-26 19:00:00,ecl,aggregate_load,168,42,dlinear,1024595.0,948730.3719790292
2014-05-30 20:00:00,98,2014-05-26 19:00:00,ecl,aggregate_load,168,42,dlinear,980186.0,928659.4599456817
2014-05-30 21:00:00,99,2014-05-26 19:00:00,ecl,aggregate_load,168,42,dlinear,977481.0,930840.1688799795
2014-05-30 22:00:00,100,2014-05-26 19:00:00,ecl,aggregate_load,168,42,dlinear,855312.0,823417.9957940568
2014-05-30 23:00:00,101,2014-05-26 19:00:00,ecl,aggregate_load,168,42,dlinear,684195.0,646782.8766494036
2014-05-31 00:00:00,102,2014-05-26 19:00:00,ecl,aggregate_load,168,42,dlinear,539163.0,514711.10339071014
2014-05-31 01:00:00,103,2014-05-26 19:00:00,ecl,aggregate_load,168,42,dlinear,444130.0,425889.13487936265
2014-05-31 02:00:00,104,2014-05-26 19:00:00,ecl,aggregate_load,168,42,dlinear,412269.0,399406.63856041164
2014-05-31 03:00:00,105,2014-05-26 19:00:00,ecl,aggregate_load,168,42,dlinear,393680.0,387040.5596513532
2014-05-31 04:00:00,106,2014-05-26 19:00:00,ecl,aggregate_load,168,42,dlinear,384226.0,375484.1115417801
2014-05-31 05:00:00,107,2014-05-26 19:00:00,ecl,aggregate_load,168,42,dlinear,409485.00000000006,407943.16493301454
2014-05-31 06:00:00,108,2014-05-26 19:00:00,ecl,aggregate_load,168,42,dlinear,451492.0,455598.93232020695
2014-05-31 07:00:00,109,2014-05-26 19:00:00,ecl,aggregate_load,168,42,dlinear,501936.0,495639.45233985875
2014-05-31 08:00:00,110,2014-05-26 19:00:00,ecl,aggregate_load,168,42,dlinear,551271.0,549943.498208478
2014-05-31 09:00:00,111,2014-05-26 19:00:00,ecl,aggregate_load,168,42,dlinear,724408.0,719476.3266921452
2014-05-31 10:00:00,112,2014-05-26 19:00:00,ecl,aggregate_load,168,42,dlinear,950466.0,872517.6035013204
2014-05-31 11:00:00,113,2014-05-26 19:00:00,ecl,aggregate_load,168,42,dlinear,1008856.0,942648.1403572962
2014-05-31 12:00:00,114,2014-05-26 19:00:00,ecl,aggregate_load,168,42,dlinear,1022648.0,942899.6828102032
2014-05-31 13:00:00,115,2014-05-26 19:00:00,ecl,aggregate_load,168,42,dlinear,1070753.0,946487.0732515365
2014-05-31 14:00:00,116,2014-05-26 19:00:00,ecl,aggregate_load,168,42,dlinear,1076503.0,957309.8208839984
2014-05-31 15:00:00,117,2014-05-26 19:00:00,ecl,aggregate_load,168,42,dlinear,1110204.0,961733.0937670001
2014-05-31 16:00:00,118,2014-05-26 19:00:00,ecl,aggregate_load,168,42,dlinear,1138366.0,982430.2854355631
2014-05-31 17:00:00,119,2014-05-26 19:00:00,ecl,aggregate_load,168,42,dlinear,1128342.0,989552.5630338637
2014-05-31 18:00:00,120,2014-05-26 19:00:00,ecl,aggregate_load,168,42,dlinear,1102382.0,964916.8043758101
2014-05-31 19:00:00,121,2014-05-26 19:00:00,ecl,aggregate_load,168,42,dlinear,1066441.0,938029.7598494032
2014-05-31 20:00:00,122,2014-05-26 19:00:00,ecl,aggregate_load,168,42,dlinear,1008708.0,925981.6970171876
2014-05-31 21:00:00,123,2014-05-26 19:00:00,ecl,aggregate_load,168,42,dlinear,1006815.0,926506.8252866665
2014-05-31 22:00:00,124,2014-05-26 19:00:00,ecl,aggregate_load,168,42,dlinear,860560.0,805219.7056743954
2014-05-31 23:00:00,125,2014-05-26 19:00:00,ecl,aggregate_load,168,42,dlinear,686604.0,639999.6469779536
2014-06-01 00:00:00,126,2014-05-26 19:00:00,ecl,aggregate_load,168,42,dlinear,549442.0,511212.5830124998
2014-06-01 01:00:00,127,2014-05-26 19:00:00,ecl,aggregate_load,168,42,dlinear,450392.0,421387.7464227837
2014-06-01 02:00:00,128,2014-05-26 19:00:00,ecl,aggregate_load,168,42,dlinear,426027.0,408265.58968259033
2014-06-01 03:00:00,129,2014-05-26 19:00:00,ecl,aggregate_load,168,42,dlinear,409826.00000000006,388148.64423525106
2014-06-01 04:00:00,130,2014-05-26 19:00:00,ecl,aggregate_load,168,42,dlinear,382513.99999999994,387929.1266864396
2014-06-01 05:00:00,131,2014-05-26 19:00:00,ecl,aggregate_load,168,42,dlinear,400751.00000000006,405241.6600613174
2014-06-01 06:00:00,132,2014-05-26 19:00:00,ecl,aggregate_load,168,42,dlinear,442123.0,444114.6642984103
2014-06-01 07:00:00,133,2014-05-26 19:00:00,ecl,aggregate_load,168,42,dlinear,492705.0,484304.5448064118
2014-06-01 08:00:00,134,2014-05-26 19:00:00,ecl,aggregate_load,168,42,dlinear,536520.0,532182.9787943679
2014-06-01 09:00:00,135,2014-05-26 19:00:00,ecl,aggregate_load,168,42,dlinear,743664.0,695734.7556497836
2014-06-01 10:00:00,136,2014-05-26 19:00:00,ecl,aggregate_load,168,42,dlinear,971727.0,871464.4889591512
2014-06-01 11:00:00,137,2014-05-26 19:00:00,ecl,aggregate_load,168,42,dlinear,1055039.0,938827.958636044
2014-06-01 12:00:00,138,2014-05-26 19:00:00,ecl,aggregate_load,168,42,dlinear,1058686.0,945851.8331321299
2014-06-01 13:00:00,139,2014-05-26 19:00:00,ecl,aggregate_load,168,42,dlinear,1065864.0,947293.5836268147
2014-06-01 14:00:00,140,2014-05-26 19:00:00,ecl,aggregate_load,168,42,dlinear,1062171.0,965133.4782352828
2014-06-01 15:00:00,141,2014-05-26 19:00:00,ecl,aggregate_load,168,42,dlinear,1111196.0,971568.0410575556
2014-06-01 16:00:00,142,2014-05-26 19:00:00,ecl,aggregate_load,168,42,dlinear,1094052.0,983366.0309944421
2014-06-01 17:00:00,143,2014-05-26 19:00:00,ecl,aggregate_load,168,42,dlinear,1118629.0,990333.1080444087
2014-06-01 18:00:00,144,2014-05-26 19:00:00,ecl,aggregate_load,168,42,dlinear,1113969.0,977709.0740675591
2014-06-01 19:00:00,145,2014-05-26 19:00:00,ecl,aggregate_load,168,42,dlinear,1079241.0,934303.5439298874
2014-06-01 20:00:00,146,2014-05-26 19:00:00,ecl,aggregate_load,168,42,dlinear,1018705.0,913775.5422343912
2014-06-01 21:00:00,147,2014-05-26 19:00:00,ecl,aggregate_load,168,42,dlinear,1026714.0,918891.4061526558
2014-06-01 22:00:00,148,2014-05-26 19:00:00,ecl,aggregate_load,168,42,dlinear,832475.0,799551.8224914967
2014-06-01 23:00:00,149,2014-05-26 19:00:00,ecl,aggregate_load,168,42,dlinear,620915.0,614146.9801346005
2014-06-02 00:00:00,150,2014-05-26 19:00:00,ecl,aggregate_load,168,42,dlinear,503398.0,486896.69169213355
2014-06-02 01:00:00,151,2014-05-26 19:00:00,ecl,aggregate_load,168,42,dlinear,411669.0,415447.6420124921
2014-06-02 02:00:00,152,2014-05-26 19:00:00,ecl,aggregate_load,168,42,dlinear,396564.0,398150.7966418852
2014-06-02 03:00:00,153,2014-05-26 19:00:00,ecl,aggregate_load,168,42,dlinear,393406.99999999994,392679.4238433837
2014-06-02 04:00:00,154,2014-05-26 19:00:00,ecl,aggregate_load,168,42,dlinear,390354.0,384069.87763581704
2014-06-02 05:00:00,155,2014-05-26 19:00:00,ecl,aggregate_load,168,42,dlinear,411448.0,402659.32294955576
2014-06-02 06:00:00,156,2014-05-26 19:00:00,ecl,aggregate_load,168,42,dlinear,458720.00000000006,454005.89373567456
2014-06-02 07:00:00,157,2014-05-26 19:00:00,ecl,aggregate_load,168,42,dlinear,510679.0,496761.12556005927
2014-06-02 08:00:00,158,2014-05-26 19:00:00,ecl,aggregate_load,168,42,dlinear,571845.0,544351.52626279
2014-06-02 09:00:00,159,2014-05-26 19:00:00,ecl,aggregate_load,168,42,dlinear,734115.0,705671.4745738842
2014-06-02 10:00:00,160,2014-05-26 19:00:00,ecl,aggregate_load,168,42,dlinear,994865.0,874439.3172264245
2014-06-02 11:00:00,161,2014-05-26 19:00:00,ecl,aggregate_load,168,42,dlinear,1066721.0,935723.3178589786
2014-06-02 12:00:00,162,2014-05-26 19:00:00,ecl,aggregate_load,168,42,dlinear,1062276.0,951321.0206794282
2014-06-02 13:00:00,163,2014-05-26 19:00:00,ecl,aggregate_load,168,42,dlinear,1067103.0,949247.7325870262
2014-06-02 14:00:00,164,2014-05-26 19:00:00,ecl,aggregate_load,168,42,dlinear,1074605.0,948068.2504070491
2014-06-02 15:00:00,165,2014-05-26 19:00:00,ecl,aggregate_load,168,42,dlinear,1094682.0,966355.1099985107
2014-06-02 16:00:00,166,2014-05-26 19:00:00,ecl,aggregate_load,168,42,dlinear,1120072.0,976303.0319134957
2014-06-02 17:00:00,167,2014-05-26 19:00:00,ecl,aggregate_load,168,42,dlinear,1117237.0,977358.9567459675
2014-06-02 18:00:00,168,2014-05-26 19:00:00,ecl,aggregate_load,168,42,dlinear,1089117.0,980900.3614862175
