model,dataset,target,horizon,seed,MAE,RMSE,sMAPE,wMAPE,MSE,train_time_s,inference_ms,n_params,peak_gpu_mb
seasonal_naive,ecl,aggregate_load,24,42,338935.8969390353,428088.8171841519,39.976022778172776,38.6883251374621,183260035398.12625,3.57469980372116e-05,0.004098899989912752,0,0.0
xgboost,ecl,aggregate_load,24,42,259541.73621503086,306548.3349215574,31.32497538456861,29.625764541649197,93971881643.17934,3.1107337690009444,7.984405749994039,57396,0.0
xgboost,ecl,aggregate_load,24,43,259573.07226575655,306574.3985685321,31.328438760231414,29.629341440201244,93987861857.65715,2.982705468999484,7.53439244999754,57373,0.0
xgboost,ecl,aggregate_load,24,44,259539.29005283237,306538.41583459656,31.325212662930426,29.625485320948975,93965800382.38405,2.717217828001594,7.271731100081524,57387,0.0
xgboost,ecl,aggregate_load,24,45,259545.20657245922,306575.3623056434,31.325989707684858,29.6261606705861,93988452772.83652,2.7787320489987906,7.5911171499683405,57383,0.0
xgboost,ecl,aggregate_load,24,46,259547.6015710715,306579.4531490946,31.325967999850135,29.626434051145228,93990961093.19789,2.8682309680007165,7.132977199944435,57403,0.0
seasonal_naive,ecl,aggregate_load,96,42,340658.82101319527,428618.3208884466,40.127731872845374,38.958892671963916,183713665001.23138,3.469800140010193e-05,0.004767450081999414,0,0.0
xgboost,ecl,aggregate_load,96,42,261794.13359784128,308905.32781623636,31.628920777995678,29.9396608097608,95422501553.25645,10.523643827000342,25.42004335009551,229430,0.0
xgboost,ecl,aggregate_load,96,43,261789.3212344104,308894.07978600136,31.62801147743421,29.93911045163461,95415552526.84058,10.699300029002188,26.46741379994637,229445,0.0
xgboost,ecl,aggregate_load,96,44,261808.0987892855,308945.22109496273,31.629942777210964,29.941257916194154,95447149637.4154,10.308097570999962,24.83811744987179,229465,0.0
xgboost,ecl,aggregate_load,96,45,261785.12907329158,308877.76042382687,31.627856557237223,29.93863102193834,95405470884.439,10.595505117002176,24.60879885002214,229368,0.0
xgboost,ecl,aggregate_load,96,46,261786.197248801,308912.0101379488,31.6274848150824,29.93875318209524,95426630007.46819,10.29604856199876,24.138923149985203,229409,0.0
seasonal_naive,ecl,aggregate_load,168,42,343510.1715685587,431537.72405627824,40.476061842452026,39.39053540979638,186224807283.67255,3.97850017179735e-05,0.005765599962614942,0,0.0
xgboost,ecl,aggregate_load,168,42,264215.99012540496,311137.737852988,31.958217106925304,30.29781990834584,96806691916.2747,18.369843567998032,43.98367249996227,401418,0.0
xgboost,ecl,aggregate_load,168,43,264226.0118526566,311152.2788052896,31.958997729920252,30.29896910634592,96815740605.72466,18.30935373200191,42.40041699995345,401434,0.0
xgboost,ecl,aggregate_load,168,44,264254.5466314695,311191.69373053714,31.96191073894255,30.30224120804267,96840270246.88043,18.355483119001292,42.47151340005075,401498,0.0
xgboost,ecl,aggregate_load,168,45,264185.2960070265,311079.263116027,31.955235905851765,30.294300193772795,96770307940.81036,17.934189280000282,41.537548350061115,401422,0.0
xgboost,ecl,aggregate_load,168,46,264222.9584260995,311166.86270031054,31.958278139167785,30.298618967931183,96824816442.7539,17.925794095001038,43.1433305999235,401499,0.0
seasonal_naive,etth1,HUFL,24,42,3.312264161981741,5.4443184749380755,46.0687929290298,32.78003995826225,29.640603656552056,3.343400021549314e-05,0.003682349961309228,0,0.0
xgboost,etth1,HUFL,24,42,3.8901301961352055,5.3988092795264935,57.45811792632687,38.4989291421309,29.147141636701374,2.438818184997217,7.018872499975259,57407,0.0
xgboost,etth1,HUFL,24,43,3.900373284000311,5.408662522882076,57.55757191990364,38.60030053435502,29.2536302864291,2.3361784990011074,6.097017350111855,57401,0.0
xgboost,etth1,HUFL,24,44,3.8900884866613135,5.405693410848823,57.48962672233001,38.498516361581416,29.221521252094377,2.283022589999746,5.732897699999739,57424,0.0
xgboost,etth1,HUFL,24,45,3.8834418508898554,5.392371101630193,57.344851099720884,38.432737493857886,29.077666097696422,2.4029964879991894,5.811515200002759,57430,0.0
xgboost,etth1,HUFL,24,46,3.8876409204542055,5.404771650566116,57.48549877394195,38.474293861760785,29.211556594763174,2.236798113997793,6.064160499954596,57425,0.0
seasonal_naive,etth1,HUFL,96,42,3.924425973031994,6.407727834953282,51.69752748302952,38.80075895930466,41.058976006835074,3.536300209816545e-05,0.005154700011189561,0,0.0
xgboost,etth1,HUFL,96,42,4.209956724427755,5.866395491905097,61.173864514701,41.623798541783174,34.41459606744444,8.39147369100101,24.860060500031977,229781,0.0
xgboost,etth1,HUFL,96,43,4.217451409656444,5.87324807951386,61.252319078464836,41.69789841703437,34.495043003513246,8.818216433999623,24.417122849990847,229749,0.0
xgboost,etth1,HUFL,96,44,4.212369223366966,5.865365326904417,61.22286705091804,41.64765089381456,34.40251041805256,8.632304277998628,24.468505100048787,229770,0.0
xgboost,etth1,HUFL,96,45,4.20233885564738,5.850709727759342,61.17234438025502,41.54848075203198,34.230804318497796,8.899797787998978,25.053350400048657,229737,0.0
xgboost,etth1,HUFL,96,46,4.211596112051519,5.868327749650258,61.23258634830019,41.640007150244045,34.43727057731526,8.445801177000249,23.54780705009034,229755,0.0
seasonal_naive,etth1,HUFL,168,42,4.180376351874045,6.698292580284449,54.20220365940088,41.263909140505135,44.86712349109371,3.6162000469630584e-05,0.005324900121195242,0,0.0
xgboost,etth1,HUFL,168,42,4.269439738341192,5.987241204504461,61.49659110115275,42.1430413471732,35.84705724091604,14.773844892999477,40.600804800124024,401902,0.0
xgboost,etth1,HUFL,168,43,4.27771793641123,5.990166550924303,61.604706808144726,42.22475428023389,35.882095307812364,14.847892010999203,44.21471390014631,401909,0.0
xgboost,etth1,HUFL,168,44,4.2700725466139335,5.982071808388515,61.5308010603001,42.14928770895307,35.78518312071663,14.7636168680001,41.711036850028904,401922,0.0
xgboost,etth1,HUFL,168,45,4.262756369730158,5.969269407102278,61.50854418785824,42.07707075220642,35.632177254567175,14.800240563999978,44.56337914998585,401863,0.0
xgboost,etth1,HUFL,168,46,4.272409702199301,5.9895595854065435,61.56564235643363,42.172357444212324,35.87482402713541,14.690172573999007,42.34651280003163,401897,0.0
dlinear,ecl,aggregate_load,24,42,278267.5653363606,326964.1317872785,34.57693991781844,32.93285476413481,106905543475.40884,11.557159009003954,52.60551719984505,16176,26.3154296875
dlinear,ecl,aggregate_load,24,43,278234.0375880048,327052.624260634,34.56871095018124,32.928886768562506,106963419035.76744,12.008054093999817,56.82482030024403,16176,26.3154296875
dlinear,ecl,aggregate_load,24,44,278260.03876726865,327046.6602324664,34.57880098761119,32.93196399770116,106959517969.21033,11.42833015100041,56.48285620009119,16176,26.3154296875
dlinear,ecl,aggregate_load,24,45,278379.1797983687,327283.0318759567,34.586777031837016,32.94606429095281,107114182953.91847,12.000647930999548,58.738822400118806,16176,26.3154296875
dlinear,ecl,aggregate_load,24,46,278408.8260320543,327028.82659504935,34.59229288560436,32.9495729108205,106947853424.13484,11.980909277001047,54.646302300170646,16176,26.3154296875
dlinear,ecl,aggregate_load,96,42,279240.706318256,327085.3445062896,34.695240453661555,33.06933460706936,106984822590.79814,18.82311098699938,64.67157730003237,64704,29.83740234375
dlinear,ecl,aggregate_load,96,43,279201.50567368185,327209.2466584936,34.684956299940026,33.06469223508381,107065891098.81891,18.967685847997927,58.764508300009766,64704,29.83740234375
dlinear,ecl,aggregate_load,96,44,279184.2285380093,327103.7544687258,34.69016261159699,33.06264617457874,106996866187.53648,19.85841421900477,58.0122362000111,64704,29.83740234375
dlinear,ecl,aggregate_load,96,45,279197.7097222508,327193.03961357777,34.68661382488813,33.06424269608329,107055285171.57227,18.144476820001728,56.516624800133286,64704,29.83740234375
dlinear,ecl,aggregate_load,96,46,279313.57115946483,327141.4686534358,34.7021444025605,33.07796369215798,107021540512.72694,18.419343642999593,59.05236370017519,64704,29.83740234375
dlinear,ecl,aggregate_load,168,42,280264.0850171329,328102.09474312764,34.83927716972096,33.247449555880934,107650984574.8283,27.861467583003105,63.14955819980242,113232,32.6748046875
dlinear,ecl,aggregate_load,168,43,280267.56825044815,328191.3812120803,34.83521969753644,33.24786276838347,107709582701.893,27.025639733998105,69.19415230004233,113232,32.6748046875
dlinear,ecl,aggregate_load,168,44,280237.2819509071,328110.6518983667,34.83804399734202,33.24426993480237,107656599889.17116,23.997613836996607,73.00852830012445,113232,32.6748046875
dlinear,ecl,aggregate_load,168,45,280240.3470611789,328157.9698681762,34.83331067006572,33.24463354578427,107687653188.00284,23.923494850998395,57.102657799987355,113232,32.6748046875
dlinear,ecl,aggregate_load,168,46,280353.530450559,328109.4446390049,34.85113802967206,33.258060378654235,107655807661.31622,27.171355777998542,58.36630489975505,113232,32.6748046875
patchtst,ecl,aggregate_load,24,42,279684.4983862477,328951.28039921564,34.72393705744666,33.1005482223574,108208944876.28339,43.71264882399555,53.570329600188415,168280,608.609375
patchtst,ecl,aggregate_load,24,43,279424.9789680522,329181.55084918253,34.70559708135805,33.069834203288835,108360493419.47296,42.49674682600016,57.30922440016002,168280,608.609375
patchtst,ecl,aggregate_load,24,44,279292.8763883758,328175.6372068956,34.67546175161631,33.05419991596112,107699248856.15198,42.681649059002666,55.926615499993204,168280,608.609375
patchtst,ecl,aggregate_load,24,45,279040.0783625849,328087.91553161456,34.665676928908745,33.02428137098817,107641680317.87985,42.49982536299649,56.38785409973934,168280,608.609375
patchtst,ecl,aggregate_load,24,46,279034.33786140714,327701.76564943715,34.62821779854219,33.02360198497589,107388447209.7586,43.99455382699671,55.35033919986745,168280,608.609375
patchtst,ecl,aggregate_load,96,42,280222.7185223129,328626.83831375017,34.797993056041435,33.18563029544643,107995598860.0917,49.4938195409959,52.23616190014582,361888,612.43408203125
patchtst,ecl,aggregate_load,96,43,280060.5333748089,328343.98500658805,34.77897552861383,33.16642337185059,107809772490.00653,50.050910963000206,66.80086319975089,361888,612.43408203125
patchtst,ecl,aggregate_load,96,44,280017.0297012197,328212.76262020087,34.751348527686204,33.16127140974046,107723617546.78433,49.96661030400355,63.07680240024638,361888,612.43408203125
patchtst,ecl,aggregate_load,96,45,280048.8671983387,327972.12896296324,34.77652664075545,33.16504179429206,107565717376.49858,49.96796789099972,65.14963119989261,361888,612.43408203125
patchtst,ecl,aggregate_load,96,46,280199.71179639635,328513.14981372503,34.76791633034836,33.18290570300583,107920889600.53496,50.43878390500322,64.74644449990592,361888,612.43408203125
patchtst,ecl,aggregate_load,168,42,280850.51572136715,328978.6126182458,34.88728162856905,33.31701724685303,108226927560.22586,56.445576417001575,69.29023010015953,555496,617.30859375
patchtst,ecl,aggregate_load,168,43,280739.3744880834,328615.69703926396,34.8700107356975,33.30383267292893,107988276340.60133,57.24077085499448,71.79519189994608,555496,617.30859375
patchtst,ecl,aggregate_load,168,44,280924.0594722485,329042.3241392107,34.87069492103923,33.32574166884748,108268851074.93338,56.155876690001605,94.52492310010712,555496,617.30859375
patchtst,ecl,aggregate_load,168,45,280834.8598996944,328776.85438525985,34.87708071590107,33.3151600123048,108094219979.46637,57.779552718999184,65.55585580026673,555496,617.30859375
patchtst,ecl,aggregate_load,168,46,281032.20683242497,329304.9974403005,34.886057625999236,33.33857108258363,108441781339.15631,57.08680116499818,75.2839140001015,555496,617.30859375
itransformer,ecl,aggregate_load,24,42,283429.16145819623,335915.13789533323,35.11232573893825,33.54372759520322,112838979867.24072,24.81629924000299,55.82816030000686,311448,164.884765625
itransformer,ecl,aggregate_load,24,43,283040.00933866424,335542.929298947,35.09170651877243,33.49767159791798,112589057402.51814,22.829575609997846,51.970626799811726,311448,164.884765625
itransformer,ecl,aggregate_load,24,44,283050.8709470171,334719.6075368632,35.06602224715296,33.49895706491071,112037215669.63173,23.476165371997922,55.61037750012474,311448,164.884765625
itransformer,ecl,aggregate_load,24,45,283387.6119819619,336273.28622760327,35.12835846964361,33.53881023135344,113079723030.31158,23.75092381700233,56.15115280015743,311448,164.884765625
itransformer,ecl,aggregate_load,24,46,283698.9317863281,336228.37457411486,35.155206590795444,33.57565480535183,113049519868.75128,23.75048634000268,57.12572620032006,311448,164.884765625
itransformer,ecl,aggregate_load,96,42,280002.74731723795,327749.87154215825,34.766011903947245,33.159580005428005,107419978295.90121,31.422147479999694,67.76568890018098,320736,165.025390625
itransformer,ecl,aggregate_load,96,43,279899.0640655953,327728.3087801891,34.76283554649114,33.14730122205531,107405844375.92294,31.277058571999078,65.08859339992341,320736,165.025390625
itransformer,ecl,aggregate_load,96,44,279606.47143777844,327296.8403338117,34.725606416775804,33.11265067400158,107123221692.49663,31.987937720001355,71.32115969980077,320736,165.025390625
itransformer,ecl,aggregate_load,96,45,279892.0428348752,327776.2868252998,34.75600196621815,33.14646972642167,107437294204.9812,31.014424924000195,63.82357870024862,320736,165.025390625
itransformer,ecl,aggregate_load,96,46,279810.7355334055,327767.2532113339,34.750302959645566,33.13684083529849,107431372277.70267,31.198791736002022,63.47474899994268,320736,165.025390625
itransformer,ecl,aggregate_load,168,42,279576.86329078034,325906.64790025173,34.76190223632038,33.16592512623732,106215143145.57864,37.15594313099791,60.26142959999561,330024,165.16796875
itransformer,ecl,aggregate_load,168,43,279310.4138005866,326091.1158824999,34.73186691587142,33.13431648832046,106335415857.49399,39.734591600001295,76.01032759994268,330024,165.16796875
itransformer,ecl,aggregate_load,168,44,279446.57196476974,326316.5466590689,34.74981180989918,33.15046879586647,106482488623.50027,39.02153337699565,64.58174440012954,330024,165.16796875
itransformer,ecl,aggregate_load,168,45,279513.0421069691,326603.1971899827,34.75160058531975,33.15835408270089,106669648414.71873,38.31971043199883,72.35903039982077,330024,165.16796875
itransformer,ecl,aggregate_load,168,46,279533.22048278374,326351.72792451247,34.75684136854163,33.16074782334724,106505450319.31502,38.46719248599402,75.406508100059,330024,165.16796875
dlinear,etth1,HUFL,24,42,3.086740305502488,4.634799876847903,47.89602545234967,30.548128291377495,21.481369898429335,11.77580105099696,43.18332319999172,16176,26.24951171875
dlinear,etth1,HUFL,24,43,3.088604679032882,4.6324271005499895,47.94165076114603,30.5665791865461,21.459380841909983,10.302242147998186,39.719814300042344,16176,26.24951171875
dlinear,etth1,HUFL,24,44,3.0807397068887394,4.633125347284008,47.87140734006066,30.488742972842253,21.46585048364556,10.625879797004018,38.94110459987132,16176,26.24951171875
dlinear,etth1,HUFL,24,45,3.080310521551914,4.627862744833843,47.926674659296644,30.48449551195066,21.417113585021028,10.345097823003016,39.644632899944554,16176,26.25
dlinear,etth1,HUFL,24,46,3.0881356705911474,4.626305033903419,48.11357528211675,30.561937613679635,21.40269826672011,10.457257976995606,38.41524320014287,16176,26.25
dlinear,etth1,HUFL,96,42,3.551065618979168,5.2644315523522,54.130574606212114,35.109349004800656,27.714239569401393,9.784998844999791,38.22411799992551,64704,29.771484375
dlinear,etth1,HUFL,96,43,3.5451349848299967,5.255605355007144,54.05030360934072,35.050712886377454,27.621387647579763,10.29432860599627,39.15391430018644,64704,29.77197265625
dlinear,etth1,HUFL,96,44,3.546264600700215,5.251736508487594,54.208583764182116,35.06188138678953,27.580736354581468,9.536564136007655,39.95792230016377,64704,29.77197265625
dlinear,etth1,HUFL,96,45,3.54853104222414,5.26625169632321,54.01795781714712,35.084289670668355,27.733406929027087,9.65380357700269,37.851311300255475,64704,29.77197265625
dlinear,etth1,HUFL,96,46,3.549572527120858,5.2595649232267085,54.126336236168015,35.094586821057995,27.663023181636774,10.227794333997736,41.28400570007216,64704,29.771484375
dlinear,etth1,HUFL,168,42,3.7039989359589014,5.4302050603215495,56.53407527808182,36.56165442650101,29.487126997141765,10.659122834997106,40.77781949999917,113232,32.60888671875
dlinear,etth1,HUFL,168,43,3.698545894917034,5.420175919162459,56.43058820816409,36.50782822255403,29.37830699466861,10.071860722997371,40.040490699902875,113232,32.60888671875
dlinear,etth1,HUFL,168,44,3.701130497429672,5.4190212674341645,56.54088859231891,36.53334047175571,29.365791496903782,10.19657190200087,42.34296769973298,113232,32.60888671875
dlinear,etth1,HUFL,168,45,3.7009980387138195,5.431694999460277,56.3722975016758,36.53203299033401,29.50331056716177,9.72528467200027,40.01103080008761,113232,32.609375
dlinear,etth1,HUFL,168,46,3.7027921473349363,5.424182547702274,56.55327842845048,36.54974238511058,29.421756310797928,9.81981046299552,40.3867173998151,113232,32.609375
patchtst,etth1,HUFL,24,42,3.043303300500457,4.549860901352895,47.60727586091334,30.118251116731525,20.701234221659778,40.43258395899829,39.97205239975301,168280,608.3154296875
patchtst,etth1,HUFL,24,43,3.0370371670880507,4.5546076217700735,47.48543484524539,30.05623791561064,20.744450588286043,40.53213918799884,39.781008700083476,168280,608.3154296875
patchtst,etth1,HUFL,24,44,3.0394445200707167,4.551707312876949,47.53577178470875,30.08006244261281,20.718039462097494,40.62932210999861,41.00468859978719,168280,608.3154296875
patchtst,etth1,HUFL,24,45,3.0558497551594015,4.571836082058494,47.573632061422735,30.242417929806205,20.901685161211955,39.04187570200156,38.57111270008318,168280,608.3154296875
patchtst,etth1,HUFL,24,46,3.0243386204001554,4.548871827550509,47.16004331046454,29.930565913776096,20.69223490348271,38.464608792000945,36.174494000078994,168280,608.3154296875
patchtst,etth1,HUFL,96,42,3.612963171458358,5.2466064880573295,55.13570804379378,35.72132946523484,27.52687964052527,38.50696160699954,41.13325319995056,361888,612.57861328125
patchtst,etth1,HUFL,96,43,3.6235819925267334,5.298312248032274,54.75154118864,35.82631763918368,28.07211267764881,38.88890644999992,40.300808899701224,361888,612.57861328125
patchtst,etth1,HUFL,96,44,3.6664898276911564,5.295785168802293,55.33438338274978,36.250546961158655,28.045340554106335,38.63707222700032,37.65302130013879,361888,612.57861328125
patchtst,etth1,HUFL,96,45,3.5994834331397296,5.273233245808427,54.43271224414698,35.58805543205655,27.80698886469928,38.42768005900507,42.535231500005466,361888,612.57861328125
patchtst,etth1,HUFL,96,46,3.5954476843211225,5.247146816128525,54.69466009280155,35.54815402527575,27.53254971000771,38.52865823599859,38.14300730009563,361888,612.57861328125
patchtst,etth1,HUFL,168,42,3.917071395232881,5.582043591388784,58.62715991532536,38.664862812483754,31.15921065616459,39.11191751399383,41.55901759986591,555496,617.015625
patchtst,etth1,HUFL,168,43,4.008649951586199,5.689362018381188,59.01940277711981,39.5688219086278,32.36884017619847,39.23921843199423,41.970149200278684,555496,617.015625
patchtst,etth1,HUFL,168,44,3.953969426308829,5.625731025226017,58.595130617145344,39.02907810642467,31.64884956819057,38.90132452599573,41.438023499722476,555496,617.015625
patchtst,etth1,HUFL,168,45,3.834698276845679,5.509553135536608,57.24621865283783,37.85176930447322,30.355175753301268,38.98873009300223,44.427140199695714,555496,617.015625
patchtst,etth1,HUFL,168,46,4.018246980241841,5.702585105363962,59.049252518208704,39.66355283358092,32.51947688391891,39.11754825000389,42.568377800125745,555496,617.015625
itransformer,etth1,HUFL,24,42,3.271309057400968,4.8083079598472045,49.40275251903694,32.37472507424367,23.119825436729986,20.034262280001712,38.46624129982956,311448,164.8173828125
itransformer,etth1,HUFL,24,43,3.249792012815636,4.79288521490333,49.227245657659,32.16178022842289,22.971748683238943,20.466374748997623,37.234058900139644,311448,164.8173828125
itransformer,etth1,HUFL,24,44,3.256050130707564,4.799416174623106,49.189285073911456,32.223714103418594,23.03439561723389,20.25869261599655,40.00859539992234,311448,164.8173828125
itransformer,etth1,HUFL,24,45,3.2490773709673033,4.750199474742391,49.352952250905815,32.15470772840521,22.56439504984288,19.947993964997295,37.599293799939915,311448,164.8173828125
itransformer,etth1,HUFL,24,46,3.2292913815324713,4.7091796349231885,49.2799141798733,31.958894383644836,22.176372833975293,20.14933217699945,42.45130529998278,311448,164.8173828125
itransformer,etth1,HUFL,96,42,3.7292416369906345,5.414847664590551,55.739084877421774,36.87097344992949,29.320575230721744,20.695685831997253,39.466911099952995,320736,164.9580078125
itransformer,etth1,HUFL,96,43,3.727893103373418,5.4192279052660535,55.67625522544668,36.857640512019664,29.368031089214295,20.598656020003546,39.840615700086346,320736,164.9580078125
itransformer,etth1,HUFL,96,44,3.7159031176444057,5.432290615446824,55.35460285494212,36.73909564726904,29.50978133067164,20.592875292004464,39.66013669996755,320736,164.9580078125
itransformer,etth1,HUFL,96,45,3.7051022571508434,5.415903526899058,55.23456258577896,36.63230765140833,29.332011012677658,20.953733744998317,36.994545299967285,320736,164.9580078125
itransformer,etth1,HUFL,96,46,3.736852046880523,5.455277873313516,55.77272253507714,36.94621749370767,29.760056675064043,20.23185472700061,38.32474810005806,320736,164.9580078125
itransformer,etth1,HUFL,168,42,3.8868346189337464,5.57206336866064,57.73099947713979,38.36639983095102,31.047890184369756,21.327888150000945,40.575130700017326,330024,165.1005859375
itransformer,etth1,HUFL,168,43,3.9063680015244113,5.6140394654545664,57.72018473891857,38.559211113137756,31.517439119681395,20.693426634003117,38.7360107000859,330024,165.1005859375
itransformer,etth1,HUFL,168,44,3.9265469279858127,5.624773531201589,58.131486745765805,38.75839446840741,31.638077277305985,20.673467314001755,43.2359397997061,330024,165.1005859375
itransformer,etth1,HUFL,168,45,3.898465999974159,5.60831332967565,57.67584926347147,38.48121156320451,31.453178403817574,22.62620898300156,57.40446580020944,330024,165.1005859375
itransformer,etth1,HUFL,168,46,3.9452243555937563,5.658560930188763,58.112580726028426,38.94275673891136,32.01931180065872,20.312480983004207,41.9357721999404,330024,165.1005859375
chronos_bolt_small,ecl,aggregate_load,24,42,259546.10512918417,311466.3739629304,31.31898447470767,29.626263237635037,97011302109.616,0.0,15.620453799783718,47718016,123.3173828125
timesfm,ecl,aggregate_load,24,42,259345.28371123082,307450.4264098129,31.27458409200004,29.60334018822507,94525764699.57578,0.0,102.2329104001983,200000000,895.5625
chronos_bolt_small,ecl,aggregate_load,96,42,262601.941048845,314012.89087782614,31.68425688559925,30.032044396628343,98604095637.44954,0.0,39.639701200212585,47718016,345.78271484375
timesfm,ecl,aggregate_load,96,42,262766.32107431703,311382.38803457713,31.650022329807843,30.050843451209495,96958991578.11595,0.0,91.98613119951915,200000000,895.5625
chronos_bolt_small,ecl,aggregate_load,168,42,264268.26601323683,315996.9493554541,31.90767379962225,30.30381441849766,99854072001.95345,0.0,45.298837999871466,47718016,381.35791015625
timesfm,ecl,aggregate_load,168,42,265044.6044587572,313676.27804560063,31.949165656574003,30.39283765437047,98392807408.54095,0.0,200.3501248000248,200000000,896.4013671875
chronos_bolt_small,etth1,HUFL,24,42,3.0044784405222296,4.780743370609166,44.87599733680831,29.734018338419915,22.855507175623487,0.0,13.483807400189107,47718016,123.3173828125
timesfm,etth1,HUFL,24,42,3.157655062088752,4.877879379497715,48.32876502947776,31.24994084039151,23.793707240929017,0.0,98.19015780012705,200000000,895.5625
chronos_bolt_small,etth1,HUFL,96,42,3.5706790557663814,5.611641235688886,51.07656687303807,35.30326685122554,31.490517358083885,0.0,36.23630520014558,47718016,345.78271484375
timesfm,etth1,HUFL,96,42,3.6655339125778603,5.609909489978184,54.270201571533015,36.24109583833166,31.471084485747287,0.0,109.75876439915737,200000000,895.5625
chronos_bolt_small,etth1,HUFL,168,42,3.768441381422488,5.845687187565585,53.36105537018408,37.19775677484801,34.17205869486844,0.0,64.73158540029544,47718016,381.35791015625
timesfm,etth1,HUFL,168,42,3.787262691079936,5.746054418468805,55.770002442539464,37.383539284899314,33.01714138000488,0.0,208.50659779971465,200000000,896.4013671875
auto_arima,ecl,aggregate_load,24,42,258945.73290670873,306093.7507817899,31.26633104954133,29.55773288733458,93693384267.66449,14733.289723065995,2255.2288239996415,0,0.0
